[
    {
        "id": "37c712fb-5531-4f33-a744-0fdb65cd9dcf",
        "cliente": {
            "id": 1,
            "nombre": "User",
            "apellido": "User",
            "fechaNacimiento": "2000-05-10",
            "dni": "12345678A",
            "email": "user@user.com",
            "numSocio": "AAA111",
            "password": "user",
            "createdAt": "2024-05-29",
            "updatedAt": "2024-05-29"
        },
        "lineas": [
            {
                "id": "27c712fb-5531-4f33-a744-0fdb65cd9dcf",
                "producto": {
                    "id": "A1",
                    "tipoProducto": "Butaca",
                    "imagen": "sinImagen.png",
                    "filaButaca": 0,
                    "columnaButaca": 0,
                    "tipoButaca": "NORMAL",
                    "estadoButaca": "ACTIVA",
                    "ocupacionButaca": "LIBRE",
                    "nombreComplemento": null,
                    "precioComplemento": null,
                    "stockComplemento": null,
                    "categoriaComplemento": null,
                    "createdAt": "2024-05-29",
                    "updatedAt": "2024-05-29",
                    "isDeleted": false
                },
                "tipoProducto": "Butaca",
                "cantidad": 1,
                "precio": 5.0,
                "createdAt": "2024-05-29",
                "updatedAt": "2024-05-29",
                "isDeleted": false
            },
            {
                "id": "25c712fb-5531-4f33-a744-0fdb65cd9dcf",
                "producto": {
                    "id": "1",
                    "tipoProducto": "Complemento",
                    "imagen": "agua.png",
                    "filaButaca": null,
                    "columnaButaca": null,
                    "tipoButaca": null,
                    "estadoButaca": null,
                    "ocupacionButaca": null,
                    "nombreComplemento": "Agua",
                    "precioComplemento": 2.0,
                    "stockComplemento": 17,
                    "categoriaComplemento": "BEBIDA",
                    "createdAt": "2024-05-29",
                    "updatedAt": "2024-05-29",
                    "isDeleted": false
                },
                "tipoProducto": "Complemento",
                "cantidad": 1,
                "precio": 3.0,
                "createdAt": "2024-05-29",
                "updatedAt": "2024-05-29",
                "isDeleted": false
            }
        ],
        "total": 8.0,
        "fechaCompra": "2024-05-29",
        "createdAt": "2024-05-29",
        "updatedAt": "2024-05-29",
        "isDeleted": false
    },
    {
        "id": "dd162cb1-6962-46cd-bb16-c9ab6946f78d",
        "cliente": {
            "id": 1,
            "nombre": "User",
            "apellido": "User",
            "fechaNacimiento": "2000-05-10",
            "dni": "12345678A",
            "email": "user@user.com",
            "numSocio": "AAA111",
            "password": "user",
            "createdAt": "2024-05-29",
            "updatedAt": "2024-05-29"
        },
        "lineas": [
            {
                "id": "ed19f184-8db6-4717-b301-4cb2cee914b1",
                "producto": {
                    "id": "B3",
                    "tipoProducto": "Butaca",
                    "imagen": "sinImagen.png",
                    "filaButaca": 1,
                    "columnaButaca": 2,
                    "tipoButaca": "VIP",
                    "estadoButaca": "ACTIVA",
                    "ocupacionButaca": "OCUPADA",
                    "nombreComplemento": null,
                    "precioComplemento": null,
                    "stockComplemento": null,
                    "categoriaComplemento": null,
                    "createdAt": "2024-05-29",
                    "updatedAt": "2024-05-29",
                    "isDeleted": false
                },
                "tipoProducto": "Butaca",
                "cantidad": 1,
                "precio": 8.0,
                "createdAt": "2024-05-29",
                "updatedAt": "2024-05-29",
                "isDeleted": false
            },
            {
                "id": "24d51af8-4d10-44fe-9062-1b65f2c7a9f0",
                "producto": {
                    "id": "B4",
                    "tipoProducto": "Butaca",
                    "imagen": "sinImagen.png",
                    "filaButaca": 1,
                    "columnaButaca": 3,
                    "tipoButaca": "VIP",
                    "estadoButaca": "ACTIVA",
                    "ocupacionButaca": "OCUPADA",
                    "nombreComplemento": null,
                    "precioComplemento": null,
                    "stockComplemento": null,
                    "categoriaComplemento": null,
                    "createdAt": "2024-05-29",
                    "updatedAt": "2024-05-29",
                    "isDeleted": false
                },
                "tipoProducto": "Butaca",
                "cantidad": 1,
                "precio": 8.0,
                "createdAt": "2024-05-29",
                "updatedAt": "2024-05-29",
                "isDeleted": false
            },
            {
                "id": "5178a9c6-739f-4407-bb02-e8505eb494c3",
                "producto": {
                    "id": "B5",
                    "tipoProducto": "Butaca",
                    "imagen": "sinImagen.png",
                    "filaButaca": 1,
                    "columnaButaca": 4,
                    "tipoButaca": "VIP",
                    "estadoButaca": "ACTIVA",
                    "ocupacionButaca": "OCUPADA",
                    "nombreComplemento": null,
                    "precioComplemento": null,
                    "stockComplemento": null,
                    "categoriaComplemento": null,
                    "createdAt": "2024-05-29",
                    "updatedAt": "2024-05-29",
                    "isDeleted": false
                },
                "tipoProducto": "Butaca",
                "cantidad": 1,
                "precio": 8.0,
                "createdAt": "2024-05-29",
                "updatedAt": "2024-05-29",
                "isDeleted": false
            },
            {
                "id": "ade1f8ba-b717-4a10-86db-b2eb759b99ed",
                "producto": {
                    "id": "1",
                    "tipoProducto": "Complemento",
                    "imagen": "agua.png",
                    "filaButaca": null,
                    "columnaButaca": null,
                    "tipoButaca": null,
                    "estadoButaca": null,
                    "ocupacionButaca": null,
                    "nombreComplemento": "Agua",
                    "precioComplemento": 2.0,
                    "stockComplemento": 17,
                    "categoriaComplemento": "BEBIDA",
                    "createdAt": "2024-05-29",
                    "updatedAt": "2024-05-29",
                    "isDeleted": false
                },
                "tipoProducto": "Complemento",
                "cantidad": 3,
                "precio": 2.0,
                "createdAt": "2024-05-29",
                "updatedAt": "2024-05-29",
                "isDeleted": false
            },
            {
                "id": "c6e7e45a-bbf5-48e9-a7e3-ca2a82635bcc",
                "producto": {
                    "id": "3",
                    "tipoProducto": "Complemento",
                    "imagen": "popcorn.png",
                    "filaButaca": null,
                    "columnaButaca": null,
                    "tipoButaca": null,
                    "estadoButaca": null,
                    "ocupacionButaca": null,
                    "nombreComplemento": "Palomitas",
                    "precioComplemento": 3.0,
                    "stockComplemento": 18,
                    "categoriaComplemento": "COMIDA",
                    "createdAt": "2024-05-29",
                    "updatedAt": "2024-05-29",
                    "isDeleted": false
                },
                "tipoProducto": "Complemento",
                "cantidad": 2,
                "precio": 3.0,
                "createdAt": "2024-05-29",
                "updatedAt": "2024-05-29",
                "isDeleted": false
            }
        ],
        "total": 29.0,
        "fechaCompra": "2024-05-29",
        "createdAt": "2024-05-29",
        "updatedAt": "2024-05-29",
        "isDeleted": false
    }
]