[
    {
        "id": "37c712fb-5531-4f33-a744-0fdb65cd9dcf",
        "cliente": {
            "id": 1,
            "nombre": "User",
            "apellido": "User",
            "fechaNacimiento": "2000-05-10",
            "dni": "12345678A",
            "email": "user@user.com",
            "numSocio": "AAA111",
            "password": "user",
            "createdAt": "2024-05-29",
            "updatedAt": "2024-05-29"
        },
        "lineas": [
            {
                "id": "27c712fb-5531-4f33-a744-0fdb65cd9dcf",
                "producto": {
                    "id": "A1",
                    "tipoProducto": "Butaca",
                    "imagen": "sinImagen.png",
                    "filaButaca": 0,
                    "columnaButaca": 0,
                    "tipoButaca": "NORMAL",
                    "estadoButaca": "ACTIVA",
                    "ocupacionButaca": "OCUPADA",
                    "nombreComplemento": null,
                    "precioComplemento": null,
                    "stockComplemento": null,
                    "categoriaComplemento": null,
                    "createdAt": "2024-05-29",
                    "updatedAt": "2024-05-29",
                    "isDeleted": false
                },
                "tipoProducto": "Butaca",
                "cantidad": 1,
                "precio": 5.0,
                "createdAt": "2024-05-29",
                "updatedAt": "2024-05-29",
                "isDeleted": false
            },
            {
                "id": "25c712fb-5531-4f33-a744-0fdb65cd9dcf",
                "producto": {
                    "id": "1",
                    "tipoProducto": "Complemento",
                    "imagen": "agua.png",
                    "filaButaca": null,
                    "columnaButaca": null,
                    "tipoButaca": null,
                    "estadoButaca": null,
                    "ocupacionButaca": null,
                    "nombreComplemento": "Agua",
                    "precioComplemento": 2.0,
                    "stockComplemento": 20,
                    "categoriaComplemento": "BEBIDA",
                    "createdAt": "2024-05-29",
                    "updatedAt": "2024-05-29",
                    "isDeleted": false
                },
                "tipoProducto": "Complemento",
                "cantidad": 1,
                "precio": 3.0,
                "createdAt": "2024-05-29",
                "updatedAt": "2024-05-29",
                "isDeleted": false
            }
        ],
        "total": 8.0,
        "fechaCompra": "2024-05-29",
        "createdAt": "2024-05-29",
        "updatedAt": "2024-05-29",
        "isDeleted": false
    },
    {
        "id": "b4d84b1b-ed73-4d59-98bc-85d00a765729",
        "cliente": {
            "id": 1,
            "nombre": "User",
            "apellido": "User",
            "fechaNacimiento": "2000-05-10",
            "dni": "12345678A",
            "email": "user@user.com",
            "numSocio": "AAA111",
            "password": "user",
            "createdAt": "2024-05-29",
            "updatedAt": "2024-05-29"
        },
        "lineas": [
            {
                "id": "8a7c2028-143a-4b11-a9b9-1af794d43fb7",
                "producto": {
                    "id": "B1",
                    "tipoProducto": "Butaca",
                    "imagen": "sinImagen.png",
                    "filaButaca": 1,
                    "columnaButaca": 0,
                    "tipoButaca": "NORMAL",
                    "estadoButaca": "ACTIVA",
                    "ocupacionButaca": "OCUPADA",
                    "nombreComplemento": null,
                    "precioComplemento": null,
                    "stockComplemento": null,
                    "categoriaComplemento": null,
                    "createdAt": "2024-05-29",
                    "updatedAt": "2024-05-29",
                    "isDeleted": false
                },
                "tipoProducto": "Butaca",
                "cantidad": 1,
                "precio": 5.0,
                "createdAt": "2024-05-29",
                "updatedAt": "2024-05-29",
                "isDeleted": false
            },
            {
                "id": "c8f0cbf0-3eb3-4cd1-8952-e1bf97d7b9d5",
                "producto": {
                    "id": "B2",
                    "tipoProducto": "Butaca",
                    "imagen": "sinImagen.png",
                    "filaButaca": 1,
                    "columnaButaca": 1,
                    "tipoButaca": "NORMAL",
                    "estadoButaca": "ACTIVA",
                    "ocupacionButaca": "OCUPADA",
                    "nombreComplemento": null,
                    "precioComplemento": null,
                    "stockComplemento": null,
                    "categoriaComplemento": null,
                    "createdAt": "2024-05-29",
                    "updatedAt": "2024-05-29",
                    "isDeleted": false
                },
                "tipoProducto": "Butaca",
                "cantidad": 1,
                "precio": 5.0,
                "createdAt": "2024-05-29",
                "updatedAt": "2024-05-29",
                "isDeleted": false
            },
            {
                "id": "ae0ae37a-b514-48b8-bf45-c807980e199a",
                "producto": {
                    "id": "A2",
                    "tipoProducto": "Butaca",
                    "imagen": "sinImagen.png",
                    "filaButaca": 0,
                    "columnaButaca": 1,
                    "tipoButaca": "NORMAL",
                    "estadoButaca": "ACTIVA",
                    "ocupacionButaca": "OCUPADA",
                    "nombreComplemento": null,
                    "precioComplemento": null,
                    "stockComplemento": null,
                    "categoriaComplemento": null,
                    "createdAt": "2024-05-29",
                    "updatedAt": "2024-05-29",
                    "isDeleted": false
                },
                "tipoProducto": "Butaca",
                "cantidad": 1,
                "precio": 5.0,
                "createdAt": "2024-05-29",
                "updatedAt": "2024-05-29",
                "isDeleted": false
            },
            {
                "id": "3a65c4c4-a0d9-4c36-a113-9c8e2d1cae37",
                "producto": {
                    "id": "A1",
                    "tipoProducto": "Butaca",
                    "imagen": "sinImagen.png",
                    "filaButaca": 0,
                    "columnaButaca": 0,
                    "tipoButaca": "NORMAL",
                    "estadoButaca": "ACTIVA",
                    "ocupacionButaca": "OCUPADA",
                    "nombreComplemento": null,
                    "precioComplemento": null,
                    "stockComplemento": null,
                    "categoriaComplemento": null,
                    "createdAt": "2024-05-29",
                    "updatedAt": "2024-05-29",
                    "isDeleted": false
                },
                "tipoProducto": "Butaca",
                "cantidad": 1,
                "precio": 5.0,
                "createdAt": "2024-05-29",
                "updatedAt": "2024-05-29",
                "isDeleted": false
            },
            {
                "id": "9edbd490-fee2-484a-a0be-2316b615a6f5",
                "producto": {
                    "id": "3",
                    "tipoProducto": "Complemento",
                    "imagen": "popcorn.png",
                    "filaButaca": null,
                    "columnaButaca": null,
                    "tipoButaca": null,
                    "estadoButaca": null,
                    "ocupacionButaca": null,
                    "nombreComplemento": "Palomitas",
                    "precioComplemento": 3.0,
                    "stockComplemento": 16,
                    "categoriaComplemento": "COMIDA",
                    "createdAt": "2024-05-29",
                    "updatedAt": "2024-05-29",
                    "isDeleted": false
                },
                "tipoProducto": "Complemento",
                "cantidad": 4,
                "precio": 3.0,
                "createdAt": "2024-05-29",
                "updatedAt": "2024-05-29",
                "isDeleted": false
            },
            {
                "id": "579a8a82-e3d1-40ca-8205-daf48242495c",
                "producto": {
                    "id": "4",
                    "tipoProducto": "Complemento",
                    "imagen": "pistacho.png",
                    "filaButaca": null,
                    "columnaButaca": null,
                    "tipoButaca": null,
                    "estadoButaca": null,
                    "ocupacionButaca": null,
                    "nombreComplemento": "Pistachos",
                    "precioComplemento": 2.0,
                    "stockComplemento": 17,
                    "categoriaComplemento": "COMIDA",
                    "createdAt": "2024-05-29",
                    "updatedAt": "2024-05-29",
                    "isDeleted": false
                },
                "tipoProducto": "Complemento",
                "cantidad": 3,
                "precio": 2.0,
                "createdAt": "2024-05-29",
                "updatedAt": "2024-05-29",
                "isDeleted": false
            },
            {
                "id": "29401b4b-8ef0-4498-ab9f-414655e18492",
                "producto": {
                    "id": "5",
                    "tipoProducto": "Complemento",
                    "imagen": "patatas.png",
                    "filaButaca": null,
                    "columnaButaca": null,
                    "tipoButaca": null,
                    "estadoButaca": null,
                    "ocupacionButaca": null,
                    "nombreComplemento": "Patatas",
                    "precioComplemento": 2.5,
                    "stockComplemento": 17,
                    "categoriaComplemento": "COMIDA",
                    "createdAt": "2024-05-29",
                    "updatedAt": "2024-05-29",
                    "isDeleted": false
                },
                "tipoProducto": "Complemento",
                "cantidad": 2,
                "precio": 2.5,
                "createdAt": "2024-05-29",
                "updatedAt": "2024-05-29",
                "isDeleted": false
            }
        ],
        "total": 27.5,
        "fechaCompra": "2024-05-29",
        "createdAt": "2024-05-29",
        "updatedAt": "2024-05-29",
        "isDeleted": false
    },
    {
        "id": "9ebb290f-5160-4b63-bd00-80a52b155562",
        "cliente": {
            "id": 1,
            "nombre": "User",
            "apellido": "User",
            "fechaNacimiento": "2000-05-10",
            "dni": "12345678A",
            "email": "user@user.com",
            "numSocio": "AAA111",
            "password": "user",
            "createdAt": "2024-05-29",
            "updatedAt": "2024-05-29"
        },
        "lineas": [
            {
                "id": "eacc5063-9e6f-4567-b37e-d5666cdc9298",
                "producto": {
                    "id": "C5",
                    "tipoProducto": "Butaca",
                    "imagen": "sinImagen.png",
                    "filaButaca": 2,
                    "columnaButaca": 4,
                    "tipoButaca": "VIP",
                    "estadoButaca": "ACTIVA",
                    "ocupacionButaca": "OCUPADA",
                    "nombreComplemento": null,
                    "precioComplemento": null,
                    "stockComplemento": null,
                    "categoriaComplemento": null,
                    "createdAt": "2024-05-29",
                    "updatedAt": "2024-05-29",
                    "isDeleted": false
                },
                "tipoProducto": "Butaca",
                "cantidad": 1,
                "precio": 8.0,
                "createdAt": "2024-05-29",
                "updatedAt": "2024-05-29",
                "isDeleted": false
            },
            {
                "id": "f963b06d-8a02-4581-97fe-a5ece9c1736f",
                "producto": {
                    "id": "C6",
                    "tipoProducto": "Butaca",
                    "imagen": "sinImagen.png",
                    "filaButaca": 2,
                    "columnaButaca": 5,
                    "tipoButaca": "NORMAL",
                    "estadoButaca": "ACTIVA",
                    "ocupacionButaca": "OCUPADA",
                    "nombreComplemento": null,
                    "precioComplemento": null,
                    "stockComplemento": null,
                    "categoriaComplemento": null,
                    "createdAt": "2024-05-29",
                    "updatedAt": "2024-05-29",
                    "isDeleted": false
                },
                "tipoProducto": "Butaca",
                "cantidad": 1,
                "precio": 5.0,
                "createdAt": "2024-05-29",
                "updatedAt": "2024-05-29",
                "isDeleted": false
            },
            {
                "id": "e913deb8-897b-424b-bd2d-8aa90c9e4637",
                "producto": {
                    "id": "D6",
                    "tipoProducto": "Butaca",
                    "imagen": "sinImagen.png",
                    "filaButaca": 3,
                    "columnaButaca": 5,
                    "tipoButaca": "NORMAL",
                    "estadoButaca": "ACTIVA",
                    "ocupacionButaca": "OCUPADA",
                    "nombreComplemento": null,
                    "precioComplemento": null,
                    "stockComplemento": null,
                    "categoriaComplemento": null,
                    "createdAt": "2024-05-29",
                    "updatedAt": "2024-05-29",
                    "isDeleted": false
                },
                "tipoProducto": "Butaca",
                "cantidad": 1,
                "precio": 5.0,
                "createdAt": "2024-05-29",
                "updatedAt": "2024-05-29",
                "isDeleted": false
            },
            {
                "id": "81aecaff-5c4a-47b3-b184-25840b1fd4f0",
                "producto": {
                    "id": "2",
                    "tipoProducto": "Complemento",
                    "imagen": "soda.png",
                    "filaButaca": null,
                    "columnaButaca": null,
                    "tipoButaca": null,
                    "estadoButaca": null,
                    "ocupacionButaca": null,
                    "nombreComplemento": "Refresco",
                    "precioComplemento": 3.0,
                    "stockComplemento": 12,
                    "categoriaComplemento": "BEBIDA",
                    "createdAt": "2024-05-29",
                    "updatedAt": "2024-05-29",
                    "isDeleted": false
                },
                "tipoProducto": "Complemento",
                "cantidad": 8,
                "precio": 3.0,
                "createdAt": "2024-05-29",
                "updatedAt": "2024-05-29",
                "isDeleted": false
            },
            {
                "id": "4e98ce74-d5cf-4e94-b9af-5de93a1ae58a",
                "producto": {
                    "id": "5",
                    "tipoProducto": "Complemento",
                    "imagen": "patatas.png",
                    "filaButaca": null,
                    "columnaButaca": null,
                    "tipoButaca": null,
                    "estadoButaca": null,
                    "ocupacionButaca": null,
                    "nombreComplemento": "Patatas",
                    "precioComplemento": 2.5,
                    "stockComplemento": 17,
                    "categoriaComplemento": "COMIDA",
                    "createdAt": "2024-05-29",
                    "updatedAt": "2024-05-29",
                    "isDeleted": false
                },
                "tipoProducto": "Complemento",
                "cantidad": 1,
                "precio": 2.5,
                "createdAt": "2024-05-29",
                "updatedAt": "2024-05-29",
                "isDeleted": false
            }
        ],
        "total": 23.5,
        "fechaCompra": "2024-05-29",
        "createdAt": "2024-05-29",
        "updatedAt": "2024-05-29",
        "isDeleted": false
    }
]