[
    {
        "id": "37c712fb-5531-4f33-a744-0fdb65cd9dcf",
        "cliente": {
            "id": 1,
            "nombre": "User",
            "apellido": "User",
            "fechaNacimiento": "2000-05-10",
            "dni": "12345678A",
            "email": "user@user.com",
            "numSocio": "AAA111",
            "password": "VXNlcjE=",
            "createdAt": "2024-05-30",
            "updatedAt": "2024-05-30"
        },
        "lineas": [
            {
                "id": "27c712fb-5531-4f33-a744-0fdb65cd9dcf",
                "producto": {
                    "id": "A1",
                    "tipoProducto": "Butaca",
                    "imagen": "sinImagen.png",
                    "filaButaca": 0,
                    "columnaButaca": 0,
                    "tipoButaca": "NORMAL",
                    "estadoButaca": "ACTIVA",
                    "ocupacionButaca": "OCUPADA",
                    "nombreComplemento": null,
                    "precioComplemento": null,
                    "stockComplemento": null,
                    "categoriaComplemento": null,
                    "createdAt": "2024-05-30",
                    "updatedAt": "2024-05-30",
                    "isDeleted": false
                },
                "tipoProducto": "Butaca",
                "cantidad": 1,
                "precio": 5.0,
                "createdAt": "2024-05-30",
                "updatedAt": "2024-05-30",
                "isDeleted": false
            },
            {
                "id": "25c712fb-5531-4f33-a744-0fdb65cd9dcf",
                "producto": {
                    "id": "1",
                    "tipoProducto": "Complemento",
                    "imagen": "1717094754269.png",
                    "filaButaca": null,
                    "columnaButaca": null,
                    "tipoButaca": null,
                    "estadoButaca": null,
                    "ocupacionButaca": null,
                    "nombreComplemento": "Agua",
                    "precioComplemento": 2.0,
                    "stockComplemento": 14,
                    "categoriaComplemento": "BEBIDA",
                    "createdAt": "2024-05-30",
                    "updatedAt": "2024-05-30",
                    "isDeleted": false
                },
                "tipoProducto": "Complemento",
                "cantidad": 1,
                "precio": 3.0,
                "createdAt": "2024-05-30",
                "updatedAt": "2024-05-30",
                "isDeleted": false
            }
        ],
        "total": 8.0,
        "fechaCompra": "2024-05-30",
        "createdAt": "2024-05-30",
        "updatedAt": "2024-05-30",
        "isDeleted": false
    },
    {
        "id": "dd698af2-6cf8-49a9-a39b-515fdcf08635",
        "cliente": {
            "id": 1,
            "nombre": "User",
            "apellido": "User",
            "fechaNacimiento": "2000-05-10",
            "dni": "12345678A",
            "email": "user@user.com",
            "numSocio": "AAA111",
            "password": "VXNlcjE=",
            "createdAt": "2024-05-30",
            "updatedAt": "2024-05-30"
        },
        "lineas": [
            {
                "id": "35553bbf-af13-4ab7-9845-c1dfb24e4618",
                "producto": {
                    "id": "A1",
                    "tipoProducto": "Butaca",
                    "imagen": "sinImagen.png",
                    "filaButaca": 0,
                    "columnaButaca": 0,
                    "tipoButaca": "NORMAL",
                    "estadoButaca": "ACTIVA",
                    "ocupacionButaca": "OCUPADA",
                    "nombreComplemento": null,
                    "precioComplemento": null,
                    "stockComplemento": null,
                    "categoriaComplemento": null,
                    "createdAt": "2024-05-30",
                    "updatedAt": "2024-05-30",
                    "isDeleted": false
                },
                "tipoProducto": "Butaca",
                "cantidad": 1,
                "precio": 5.0,
                "createdAt": "2024-05-30",
                "updatedAt": "2024-05-30",
                "isDeleted": false
            },
            {
                "id": "829d74c4-a732-4fde-b5f9-77773945d545",
                "producto": {
                    "id": "A2",
                    "tipoProducto": "Butaca",
                    "imagen": "sinImagen.png",
                    "filaButaca": 0,
                    "columnaButaca": 1,
                    "tipoButaca": "NORMAL",
                    "estadoButaca": "ACTIVA",
                    "ocupacionButaca": "OCUPADA",
                    "nombreComplemento": null,
                    "precioComplemento": null,
                    "stockComplemento": null,
                    "categoriaComplemento": null,
                    "createdAt": "2024-05-30",
                    "updatedAt": "2024-05-30",
                    "isDeleted": false
                },
                "tipoProducto": "Butaca",
                "cantidad": 1,
                "precio": 5.0,
                "createdAt": "2024-05-30",
                "updatedAt": "2024-05-30",
                "isDeleted": false
            },
            {
                "id": "8bdbf8c8-b46e-48a4-b320-dfcc78bd4647",
                "producto": {
                    "id": "A3",
                    "tipoProducto": "Butaca",
                    "imagen": "sinImagen.png",
                    "filaButaca": 0,
                    "columnaButaca": 2,
                    "tipoButaca": "NORMAL",
                    "estadoButaca": "ACTIVA",
                    "ocupacionButaca": "OCUPADA",
                    "nombreComplemento": null,
                    "precioComplemento": null,
                    "stockComplemento": null,
                    "categoriaComplemento": null,
                    "createdAt": "2024-05-30",
                    "updatedAt": "2024-05-30",
                    "isDeleted": false
                },
                "tipoProducto": "Butaca",
                "cantidad": 1,
                "precio": 5.0,
                "createdAt": "2024-05-30",
                "updatedAt": "2024-05-30",
                "isDeleted": false
            },
            {
                "id": "8b191532-2f63-42a8-b7a3-af8c59bb304f",
                "producto": {
                    "id": "1",
                    "tipoProducto": "Complemento",
                    "imagen": "1717094754269.png",
                    "filaButaca": null,
                    "columnaButaca": null,
                    "tipoButaca": null,
                    "estadoButaca": null,
                    "ocupacionButaca": null,
                    "nombreComplemento": "Agua",
                    "precioComplemento": 2.0,
                    "stockComplemento": 14,
                    "categoriaComplemento": "BEBIDA",
                    "createdAt": "2024-05-30",
                    "updatedAt": "2024-05-30",
                    "isDeleted": false
                },
                "tipoProducto": "Complemento",
                "cantidad": 4,
                "precio": 2.0,
                "createdAt": "2024-05-30",
                "updatedAt": "2024-05-30",
                "isDeleted": false
            },
            {
                "id": "7880155f-b6af-4997-935a-a850e0671855",
                "producto": {
                    "id": "2",
                    "tipoProducto": "Complemento",
                    "imagen": "1717094798369.png",
                    "filaButaca": null,
                    "columnaButaca": null,
                    "tipoButaca": null,
                    "estadoButaca": null,
                    "ocupacionButaca": null,
                    "nombreComplemento": "Refresco",
                    "precioComplemento": 3.0,
                    "stockComplemento": 18,
                    "categoriaComplemento": "BEBIDA",
                    "createdAt": "2024-05-30",
                    "updatedAt": "2024-05-30",
                    "isDeleted": false
                },
                "tipoProducto": "Complemento",
                "cantidad": 2,
                "precio": 3.0,
                "createdAt": "2024-05-30",
                "updatedAt": "2024-05-30",
                "isDeleted": false
            },
            {
                "id": "215ac01b-01be-416c-96ce-9a40e93e3931",
                "producto": {
                    "id": "4",
                    "tipoProducto": "Complemento",
                    "imagen": "1717101192810.png",
                    "filaButaca": null,
                    "columnaButaca": null,
                    "tipoButaca": null,
                    "estadoButaca": null,
                    "ocupacionButaca": null,
                    "nombreComplemento": "Pistachos",
                    "precioComplemento": 2.0,
                    "stockComplemento": 19,
                    "categoriaComplemento": "COMIDA",
                    "createdAt": "2024-05-30",
                    "updatedAt": "2024-05-30",
                    "isDeleted": false
                },
                "tipoProducto": "Complemento",
                "cantidad": 1,
                "precio": 2.0,
                "createdAt": "2024-05-30",
                "updatedAt": "2024-05-30",
                "isDeleted": false
            }
        ],
        "total": 22.0,
        "fechaCompra": "2024-05-30",
        "createdAt": "2024-05-30",
        "updatedAt": "2024-05-30",
        "isDeleted": false
    },
    {
        "id": "b28776a1-d041-4b00-85d5-870a554591ab",
        "cliente": {
            "id": 1,
            "nombre": "User",
            "apellido": "User",
            "fechaNacimiento": "2000-05-10",
            "dni": "12345678A",
            "email": "user@user.com",
            "numSocio": "AAA111",
            "password": "VXNlcjE=",
            "createdAt": "2024-05-30",
            "updatedAt": "2024-05-30"
        },
        "lineas": [
            {
                "id": "086876e7-0b90-4dd0-9b2f-d97eeea6f824",
                "producto": {
                    "id": "C4",
                    "tipoProducto": "Butaca",
                    "imagen": "sinImagen.png",
                    "filaButaca": 2,
                    "columnaButaca": 3,
                    "tipoButaca": "VIP",
                    "estadoButaca": "ACTIVA",
                    "ocupacionButaca": "OCUPADA",
                    "nombreComplemento": null,
                    "precioComplemento": null,
                    "stockComplemento": null,
                    "categoriaComplemento": null,
                    "createdAt": "2024-05-30",
                    "updatedAt": "2024-05-30",
                    "isDeleted": false
                },
                "tipoProducto": "Butaca",
                "cantidad": 1,
                "precio": 8.0,
                "createdAt": "2024-05-30",
                "updatedAt": "2024-05-30",
                "isDeleted": false
            },
            {
                "id": "bf7158e8-e538-4e2f-bb06-e499d3342c35",
                "producto": {
                    "id": "C5",
                    "tipoProducto": "Butaca",
                    "imagen": "sinImagen.png",
                    "filaButaca": 2,
                    "columnaButaca": 4,
                    "tipoButaca": "VIP",
                    "estadoButaca": "ACTIVA",
                    "ocupacionButaca": "OCUPADA",
                    "nombreComplemento": null,
                    "precioComplemento": null,
                    "stockComplemento": null,
                    "categoriaComplemento": null,
                    "createdAt": "2024-05-30",
                    "updatedAt": "2024-05-30",
                    "isDeleted": false
                },
                "tipoProducto": "Butaca",
                "cantidad": 1,
                "precio": 8.0,
                "createdAt": "2024-05-30",
                "updatedAt": "2024-05-30",
                "isDeleted": false
            },
            {
                "id": "4e0d60c3-439e-49d6-9d87-0357eedb7e15",
                "producto": {
                    "id": "B6",
                    "tipoProducto": "Butaca",
                    "imagen": "sinImagen.png",
                    "filaButaca": 1,
                    "columnaButaca": 5,
                    "tipoButaca": "NORMAL",
                    "estadoButaca": "ACTIVA",
                    "ocupacionButaca": "OCUPADA",
                    "nombreComplemento": null,
                    "precioComplemento": null,
                    "stockComplemento": null,
                    "categoriaComplemento": null,
                    "createdAt": "2024-05-30",
                    "updatedAt": "2024-05-30",
                    "isDeleted": false
                },
                "tipoProducto": "Butaca",
                "cantidad": 1,
                "precio": 5.0,
                "createdAt": "2024-05-30",
                "updatedAt": "2024-05-30",
                "isDeleted": false
            },
            {
                "id": "a64ed809-a1ad-4a71-8639-b765bfefd513",
                "producto": {
                    "id": "D6",
                    "tipoProducto": "Butaca",
                    "imagen": "sinImagen.png",
                    "filaButaca": 3,
                    "columnaButaca": 5,
                    "tipoButaca": "NORMAL",
                    "estadoButaca": "ACTIVA",
                    "ocupacionButaca": "OCUPADA",
                    "nombreComplemento": null,
                    "precioComplemento": null,
                    "stockComplemento": null,
                    "categoriaComplemento": null,
                    "createdAt": "2024-05-30",
                    "updatedAt": "2024-05-30",
                    "isDeleted": false
                },
                "tipoProducto": "Butaca",
                "cantidad": 1,
                "precio": 5.0,
                "createdAt": "2024-05-30",
                "updatedAt": "2024-05-30",
                "isDeleted": false
            },
            {
                "id": "ed4b76c0-eef9-40a7-bd11-cca51f7d3223",
                "producto": {
                    "id": "A7",
                    "tipoProducto": "Butaca",
                    "imagen": "sinImagen.png",
                    "filaButaca": 0,
                    "columnaButaca": 6,
                    "tipoButaca": "NORMAL",
                    "estadoButaca": "ACTIVA",
                    "ocupacionButaca": "OCUPADA",
                    "nombreComplemento": null,
                    "precioComplemento": null,
                    "stockComplemento": null,
                    "categoriaComplemento": null,
                    "createdAt": "2024-05-30",
                    "updatedAt": "2024-05-30",
                    "isDeleted": false
                },
                "tipoProducto": "Butaca",
                "cantidad": 1,
                "precio": 5.0,
                "createdAt": "2024-05-30",
                "updatedAt": "2024-05-30",
                "isDeleted": false
            },
            {
                "id": "a704f0ea-319a-4cce-adaa-c90b044ab1fb",
                "producto": {
                    "id": "3",
                    "tipoProducto": "Complemento",
                    "imagen": "1717101172823.png",
                    "filaButaca": null,
                    "columnaButaca": null,
                    "tipoButaca": null,
                    "estadoButaca": null,
                    "ocupacionButaca": null,
                    "nombreComplemento": "Palomitas",
                    "precioComplemento": 3.0,
                    "stockComplemento": 12,
                    "categoriaComplemento": "COMIDA",
                    "createdAt": "2024-05-30",
                    "updatedAt": "2024-05-30",
                    "isDeleted": false
                },
                "tipoProducto": "Complemento",
                "cantidad": 8,
                "precio": 3.0,
                "createdAt": "2024-05-30",
                "updatedAt": "2024-05-30",
                "isDeleted": false
            },
            {
                "id": "b004f20e-06e3-4bcb-bcff-2bcf98f2c4c4",
                "producto": {
                    "id": "5",
                    "tipoProducto": "Complemento",
                    "imagen": "1717101183463.png",
                    "filaButaca": null,
                    "columnaButaca": null,
                    "tipoButaca": null,
                    "estadoButaca": null,
                    "ocupacionButaca": null,
                    "nombreComplemento": "Patatas",
                    "precioComplemento": 2.5,
                    "stockComplemento": 0,
                    "categoriaComplemento": "COMIDA",
                    "createdAt": "2024-05-30",
                    "updatedAt": "2024-05-30",
                    "isDeleted": false
                },
                "tipoProducto": "Complemento",
                "cantidad": 20,
                "precio": 2.5,
                "createdAt": "2024-05-30",
                "updatedAt": "2024-05-30",
                "isDeleted": false
            },
            {
                "id": "5559dfbc-e474-460b-bf53-250663555dca",
                "producto": {
                    "id": "1",
                    "tipoProducto": "Complemento",
                    "imagen": "1717094754269.png",
                    "filaButaca": null,
                    "columnaButaca": null,
                    "tipoButaca": null,
                    "estadoButaca": null,
                    "ocupacionButaca": null,
                    "nombreComplemento": "Agua",
                    "precioComplemento": 2.0,
                    "stockComplemento": 14,
                    "categoriaComplemento": "BEBIDA",
                    "createdAt": "2024-05-30",
                    "updatedAt": "2024-05-30",
                    "isDeleted": false
                },
                "tipoProducto": "Complemento",
                "cantidad": 2,
                "precio": 2.0,
                "createdAt": "2024-05-30",
                "updatedAt": "2024-05-30",
                "isDeleted": false
            }
        ],
        "total": 38.5,
        "fechaCompra": "2024-05-30",
        "createdAt": "2024-05-30",
        "updatedAt": "2024-05-30",
        "isDeleted": false
    }
]