[
    {
        "id": "37c712fb-5531-4f33-a744-0fdb65cd9dcf",
        "cliente": {
            "id": 1,
            "nombre": "User",
            "apellido": "User",
            "fechaNacimiento": "2000-05-10",
            "dni": "12345678A",
            "email": "user@user.com",
            "numSocio": "AAA111",
            "password": "user",
            "createdAt": "2024-05-29",
            "updatedAt": "2024-05-29"
        },
        "lineas": [
            {
                "id": "27c712fb-5531-4f33-a744-0fdb65cd9dcf",
                "producto": {
                    "id": "A1",
                    "tipoProducto": "Butaca",
                    "imagen": "sinImagen.png",
                    "filaButaca": 0,
                    "columnaButaca": 0,
                    "tipoButaca": "NORMAL",
                    "estadoButaca": "ACTIVA",
                    "ocupacionButaca": "LIBRE",
                    "nombreComplemento": null,
                    "precioComplemento": null,
                    "stockComplemento": null,
                    "categoriaComplemento": null,
                    "createdAt": "2024-05-29",
                    "updatedAt": "2024-05-29",
                    "isDeleted": false
                },
                "tipoProducto": "Butaca",
                "cantidad": 1,
                "precio": 5.0,
                "createdAt": "2024-05-29",
                "updatedAt": "2024-05-29",
                "isDeleted": false
            },
            {
                "id": "25c712fb-5531-4f33-a744-0fdb65cd9dcf",
                "producto": {
                    "id": "1",
                    "tipoProducto": "Complemento",
                    "imagen": "agua.png",
                    "filaButaca": null,
                    "columnaButaca": null,
                    "tipoButaca": null,
                    "estadoButaca": null,
                    "ocupacionButaca": null,
                    "nombreComplemento": "Agua",
                    "precioComplemento": 2.0,
                    "stockComplemento": 20,
                    "categoriaComplemento": "BEBIDA",
                    "createdAt": "2024-05-29",
                    "updatedAt": "2024-05-29",
                    "isDeleted": false
                },
                "tipoProducto": "Complemento",
                "cantidad": 1,
                "precio": 3.0,
                "createdAt": "2024-05-29",
                "updatedAt": "2024-05-29",
                "isDeleted": false
            }
        ],
        "total": 8.0,
        "fechaCompra": "2024-05-29",
        "createdAt": "2024-05-29",
        "updatedAt": "2024-05-29",
        "isDeleted": false
    }
]